{
    "chromeWebSecurity":false,
    "defaultCommandTimeout":10000,
    "execTimeout":50000,
    "pageLoadTimeout":60000,
    "requestTimeout":15000,
    "responseTimeout":15000,
    
    "reporter":"cypress-mochawesome-reporter",
    "reporterOptions":{
    "reportDir":"cypress/report",
    "reportFilename":"report",
    "overwrite":false,
    "html":true,
    "json":true,
    "timestamp":"mmddyyyy_HHMMss",
    "charts": true,
    "reportPageTitle":"MyTest",
    "embeddedScreenShots":true,
    "inlineAssets":true
    },
"video":false
}
